{
    "accuracy": 0.8994708994708994,
    "classification_report": {
        "0": {
            "precision": 0.8248175182481752,
            "recall": 0.8052256532066508,
            "f1-score": 0.8149038461538461,
            "support": 421.0
        },
        "1": {
            "precision": 0.8092909535452323,
            "recall": 0.7557077625570776,
            "f1-score": 0.781582054309327,
            "support": 438.0
        },
        "2": {
            "precision": 0.8936170212765957,
            "recall": 0.883177570093458,
            "f1-score": 0.8883666274970623,
            "support": 428.0
        },
        "3": {
            "precision": 0.9600886917960089,
            "recall": 0.9643652561247216,
            "f1-score": 0.9622222222222222,
            "support": 449.0
        },
        "4": {
            "precision": 0.9241379310344827,
            "recall": 0.9663461538461539,
            "f1-score": 0.9447708578143361,
            "support": 416.0
        },
        "5": {
            "precision": 0.9024390243902439,
            "recall": 0.9421296296296297,
            "f1-score": 0.9218573046432617,
            "support": 432.0
        },
        "6": {
            "precision": 0.9684684684684685,
            "recall": 0.9772727272727273,
            "f1-score": 0.9728506787330317,
            "support": 440.0
        },
        "accuracy": 0.8994708994708994,
        "macro avg": {
            "precision": 0.8975513726798866,
            "recall": 0.8991749646757742,
            "f1-score": 0.8980790844818697,
            "support": 3024.0
        },
        "weighted avg": {
            "precision": 0.8980445385354301,
            "recall": 0.8994708994708994,
            "f1-score": 0.8984746972433736,
            "support": 3024.0
        }
    }
}